,date,cnt
0,2013-01-01,0.0
1,2013-01-02,28.273148185185185
2,2013-01-03,20.265018407407407
3,2013-01-04,23.946685101851852
4,2013-01-05,23.067351925925923
5,2013-01-06,26.736610962962963
6,2013-01-07,17.55177775925926
7,2013-01-08,19.239296314814812
8,2013-01-09,18.301999944444443
9,2013-01-10,17.035148185185186
10,2013-01-11,23.95548150925926
11,2013-01-12,25.03377777777778
12,2013-01-13,30.239370351851854
13,2013-01-14,18.460925907407407
14,2013-01-15,18.382407407407406
15,2013-01-16,22.437463
16,2013-01-17,17.21400000925926
17,2013-01-18,23.290870388888887
18,2013-01-19,28.0448887962963
19,2013-01-20,30.127925925925926
20,2013-01-21,18.79455561111111
21,2013-01-22,18.404555537037037
22,2013-01-23,20.31916675
23,2013-01-24,14.779055537037037
24,2013-01-25,21.23696287037037
25,2013-01-26,25.749259357407407
26,2013-01-27,26.692148240740742
27,2013-01-28,16.90988888888889
28,2013-01-29,17.243166712962964
29,2013-01-30,18.466518481481483
30,2013-01-31,17.093796333333334
31,2013-02-01,24.37431474074074
32,2013-02-02,27.925925870370374
33,2013-02-03,29.82187025925926
34,2013-02-04,19.572648203703707
35,2013-02-05,17.790148129629628
36,2013-02-06,18.253648129629628
37,2013-02-07,16.754814777777778
38,2013-02-08,23.23522227777778
39,2013-02-09,20.192166753703706
40,2013-02-10,16.36890735185185
41,2013-02-11,17.23938887037037
42,2013-02-12,22.02316662962963
43,2013-02-13,22.994962907407405
44,2013-02-14,19.517796333333333
45,2013-02-15,26.02527772222222
46,2013-02-16,32.52394462962963
47,2013-02-17,26.19848135185185
48,2013-02-18,21.72975924074074
49,2013-02-19,19.028870462962963
50,2013-02-20,22.194666537037037
51,2013-02-21,19.176259305555554
52,2013-02-22,24.8194445
53,2013-02-23,24.220092592592593
54,2013-02-24,31.399592444444444
55,2013-02-25,19.26185188888889
56,2013-02-26,16.51190750925926
57,2013-02-27,19.09840735185185
58,2013-02-28,18.188796296296296
59,2013-03-01,28.445018555555553
60,2013-03-02,32.09027783333334
61,2013-03-03,34.820999925925925
62,2013-03-04,23.60505551851852
63,2013-03-05,19.778629648148147
64,2013-03-06,21.93155561111111
65,2013-03-07,19.474462925925927
66,2013-03-08,25.355351740740737
67,2013-03-09,28.57057401851852
68,2013-03-10,32.13881474074074
69,2013-03-11,20.429703722222225
70,2013-03-12,17.373870370370373
71,2013-03-13,20.290203685185183
72,2013-03-14,18.951444425925924
73,2013-03-15,27.587666685185187
74,2013-03-16,29.867444407407408
75,2013-03-17,34.087074074074074
76,2013-03-18,20.16666662962963
77,2013-03-19,16.452351962962965
78,2013-03-20,20.434685259259258
79,2013-03-21,20.22359266666667
80,2013-03-22,25.24183314814815
81,2013-03-23,26.80511096296296
82,2013-03-24,28.27444461111111
83,2013-03-25,18.54962960185185
84,2013-03-26,15.756611185185184
85,2013-03-27,23.601796092592593
86,2013-03-28,26.75296298148148
87,2013-03-29,25.08561109259259
88,2013-03-30,19.27592590740741
89,2013-03-31,20.75340742592593
90,2013-04-01,19.55309259259259
91,2013-04-02,16.53477774074074
92,2013-04-03,16.17857407962963
93,2013-04-04,15.028148240740741
94,2013-04-05,18.605018518518516
95,2013-04-06,22.533092592592592
96,2013-04-07,21.96470364814815
97,2013-04-08,15.532203703703704
98,2013-04-09,15.938111068518518
99,2013-04-10,17.507481537037037
100,2013-04-11,18.190740703703703
101,2013-04-12,23.842277833333334
102,2013-04-13,26.72738888888889
103,2013-04-14,32.25235172222222
104,2013-04-15,21.84307409259259
105,2013-04-16,20.466500018518516
106,2013-04-17,22.437685203703705
107,2013-04-18,17.55040738888889
108,2013-04-19,23.19983324074074
109,2013-04-20,28.842611296296294
110,2013-04-21,31.07235174074074
111,2013-04-22,21.03250001851852
112,2013-04-23,16.628425935185184
113,2013-04-24,19.684166611111113
114,2013-04-25,17.300944407407407
115,2013-04-26,22.97796288888889
116,2013-04-27,24.73883325925926
117,2013-04-28,30.67598146851852
118,2013-04-29,17.917203740740742
119,2013-04-30,18.41770374074074
120,2013-05-01,30.15014833333333
121,2013-05-02,21.96522214814815
122,2013-05-03,25.773203764814816
123,2013-05-04,30.083296185185187
124,2013-05-05,33.18655575925926
125,2013-05-06,20.270240703703706
126,2013-05-07,19.175629703703702
127,2013-05-08,21.08864825925926
128,2013-05-09,17.609425916666666
129,2013-05-10,24.397555592592592
130,2013-05-11,27.849
131,2013-05-12,20.221907416666667
132,2013-05-13,18.649870351851852
133,2013-05-14,17.090407296296295
134,2013-05-15,19.76322244444444
135,2013-05-16,20.87987037037037
136,2013-05-17,23.650370425925924
137,2013-05-18,27.462574055555553
138,2013-05-19,31.13564816666667
139,2013-05-20,18.365536981481483
140,2013-05-21,19.216481555555557
141,2013-05-22,18.061036990740742
142,2013-05-23,17.2302962962963
143,2013-05-24,25.431944481481484
144,2013-05-25,22.416962888888886
145,2013-05-26,24.825999925925927
146,2013-05-27,18.07898149074074
147,2013-05-28,18.30753713888889
148,2013-05-29,19.792185111111113
149,2013-05-30,18.57288885185185
150,2013-05-31,22.968796314814814
151,2013-06-01,28.705240796296295
152,2013-06-02,35.50672225925926
153,2013-06-03,23.31448137037037
154,2013-06-04,19.044888999999998
155,2013-06-05,20.27111064814815
156,2013-06-06,15.308833351851852
157,2013-06-07,18.71298133333333
158,2013-06-08,20.307444537037036
159,2013-06-09,20.44161105555556
160,2013-06-10,12.655148166666667
161,2013-06-11,12.154111157407408
162,2013-06-12,12.401203679629631
163,2013-06-13,12.430814892592593
164,2013-06-14,17.070981466666666
165,2013-06-15,18.408703742592593
166,2013-06-16,17.763148148148147
167,2013-06-17,15.989222166666666
168,2013-06-18,13.591037064814815
169,2013-06-19,13.096629629629629
170,2013-06-20,13.753092666666667
171,2013-06-21,15.076944342592594
172,2013-06-22,20.055685277777776
173,2013-06-23,22.407277814814815
174,2013-06-24,13.759296357407406
175,2013-06-25,13.933926037037038
176,2013-06-26,15.452425962962964
177,2013-06-27,14.524814814814816
178,2013-06-28,20.32514805555556
179,2013-06-29,24.326444370370368
180,2013-06-30,27.154574185185183
181,2013-07-01,23.170592842592594
182,2013-07-02,19.47214814814815
183,2013-07-03,20.7706295
184,2013-07-04,17.959592592592593
185,2013-07-05,23.490981574074073
186,2013-07-06,23.617999944444446
187,2013-07-07,26.304296277777777
188,2013-07-08,17.46540733333333
189,2013-07-09,15.974629690740741
190,2013-07-10,17.404166574074072
191,2013-07-11,13.93520374074074
192,2013-07-12,19.28668511111111
193,2013-07-13,20.677518546296298
194,2013-07-14,23.511981462962964
195,2013-07-15,17.853314807407408
196,2013-07-16,15.902907388888888
197,2013-07-17,17.33959262037037
198,2013-07-18,12.621870364814814
199,2013-07-19,18.334314814814814
200,2013-07-20,19.356796277777775
201,2013-07-21,20.790944462962962
202,2013-07-22,16.052166574074075
203,2013-07-23,15.085407499999999
204,2013-07-24,15.830666675925928
205,2013-07-25,13.08792592037037
206,2013-07-26,17.077648222222223
207,2013-07-27,18.791000003703704
208,2013-07-28,20.540314857407406
209,2013-07-29,14.967370472222221
210,2013-07-30,15.104277888888888
211,2013-07-31,16.239629574074073
212,2013-08-01,16.629759316666668
213,2013-08-02,20.95149998148148
214,2013-08-03,22.144314685185186
215,2013-08-04,23.567740722222222
216,2013-08-05,17.557296351851853
217,2013-08-06,12.40814811111111
218,2013-08-07,10.779962925925926
219,2013-08-08,12.18040737962963
220,2013-08-09,18.43594440740741
221,2013-08-10,18.89088888888889
222,2013-08-11,20.792185153703706
223,2013-08-12,15.105351888888888
224,2013-08-13,13.041185240740742
225,2013-08-14,17.188981425925927
226,2013-08-15,13.091425981481482
227,2013-08-16,21.060907257407408
228,2013-08-17,20.27907422222222
229,2013-08-18,21.54162963888889
230,2013-08-19,17.270536962962964
231,2013-08-20,16.396925925925924
232,2013-08-21,18.892463
233,2013-08-22,15.242314703703705
234,2013-08-23,22.238074055555554
235,2013-08-24,20.378351851851853
236,2013-08-25,21.77951861111111
237,2013-08-26,16.925333338888887
238,2013-08-27,13.941111175925926
239,2013-08-28,15.46961112962963
240,2013-08-29,12.748833388888889
241,2013-08-30,21.27985192592593
242,2013-08-31,20.009259387037037
243,2013-09-01,20.51746301851852
244,2013-09-02,14.662666703703703
245,2013-09-03,19.01144448148148
246,2013-09-04,18.841463
247,2013-09-05,14.484240648148148
248,2013-09-06,21.932314814814816
249,2013-09-07,25.86900012962963
250,2013-09-08,22.92285188888889
251,2013-09-09,14.61231480925926
252,2013-09-10,15.415074083333334
253,2013-09-11,16.495240685185188
254,2013-09-12,13.589426000000001
255,2013-09-13,22.513555481481482
256,2013-09-14,23.461814796296295
257,2013-09-15,26.789055555555553
258,2013-09-16,18.049425907407407
259,2013-09-17,16.33222224074074
260,2013-09-18,18.41185201851852
261,2013-09-19,14.368944407407408
262,2013-09-20,23.23105526111111
263,2013-09-21,24.136462888888886
264,2013-09-22,25.91214838333333
265,2013-09-23,16.45868516111111
266,2013-09-24,17.566740685185184
267,2013-09-25,18.64948148148148
268,2013-09-26,14.7227407
269,2013-09-27,23.708999796296297
270,2013-09-28,26.607666761111112
271,2013-09-29,30.29753703703704
272,2013-09-30,19.07929630185185
273,2013-10-01,24.10761107407407
274,2013-10-02,23.39492591666667
275,2013-10-03,17.979074074074074
276,2013-10-04,24.327037333333333
277,2013-10-05,23.382666592592592
278,2013-10-06,21.189407425925925
279,2013-10-07,13.99661112962963
280,2013-10-08,12.611000020370371
281,2013-10-09,13.416870296296295
282,2013-10-10,11.210685233333333
283,2013-10-11,16.529296259259258
284,2013-10-12,15.03088885
285,2013-10-13,15.672444492592593
286,2013-10-14,12.550962896296296
287,2013-10-15,11.092185055555555
288,2013-10-16,14.003370370370371
289,2013-10-17,11.765259259259258
290,2013-10-18,16.60220372222222
291,2013-10-19,18.034611185185184
292,2013-10-20,19.117759283333335
293,2013-10-21,10.110037037037037
294,2013-10-22,12.079351737037038
295,2013-10-23,9.664481537037036
296,2013-10-24,11.461759342592593
297,2013-10-25,14.38737045925926
298,2013-10-26,20.203777685185187
299,2013-10-27,22.31124070185185
300,2013-10-28,14.728444481481482
301,2013-10-29,13.447555581481481
302,2013-10-30,16.428629838888888
303,2013-10-31,14.070500037037037
304,2013-11-01,23.458074314814812
305,2013-11-02,25.0793147962963
306,2013-11-03,26.501314833333335
307,2013-11-04,14.39616664814815
308,2013-11-05,13.418796314814815
309,2013-11-06,13.734185194444445
310,2013-11-07,14.275333327777778
311,2013-11-08,16.77431485185185
312,2013-11-09,17.73250007407407
313,2013-11-10,19.518018462962964
314,2013-11-11,12.313222222222223
315,2013-11-12,15.384999981481482
316,2013-11-13,17.943074075925924
317,2013-11-14,14.713425962962962
318,2013-11-15,20.749147907407405
319,2013-11-16,19.688333324074073
320,2013-11-17,16.36974064814815
321,2013-11-18,10.652870277777778
322,2013-11-19,11.816592581481482
323,2013-11-20,11.477555666666667
324,2013-11-21,10.001092592592592
325,2013-11-22,13.942018481481481
326,2013-11-23,17.491518537037038
327,2013-11-24,16.780277703703703
328,2013-11-25,9.551388837037038
329,2013-11-26,15.89570362962963
330,2013-11-27,13.380277722222221
331,2013-11-28,9.309981444444444
332,2013-11-29,14.797870277777777
333,2013-11-30,19.54038885185185
334,2013-12-01,20.359055555555557
335,2013-12-02,11.135370370370369
336,2013-12-03,16.02479614814815
337,2013-12-04,14.966888842592594
338,2013-12-05,10.595647999999999
339,2013-12-06,17.390444407407408
340,2013-12-07,21.182925851851852
341,2013-12-08,19.88342585185185
342,2013-12-09,10.996277787037037
343,2013-12-10,16.609666666666666
344,2013-12-11,17.583999907407406
345,2013-12-12,12.773314796296297
346,2013-12-13,20.87046292037037
347,2013-12-14,18.52424074074074
348,2013-12-15,21.194666675925927
349,2013-12-16,15.427833111111111
350,2013-12-17,18.186166768518518
351,2013-12-18,18.597666666666665
352,2013-12-19,15.505351814814814
353,2013-12-20,17.309333324074075
354,2013-12-21,18.23975925925926
355,2013-12-22,18.66474075925926
356,2013-12-23,16.50051846296296
357,2013-12-24,12.77683325925926
358,2013-12-26,17.908999975925926
359,2013-12-27,20.660222296296297
360,2013-12-28,17.387185259259258
361,2013-12-29,18.052999920370368
362,2013-12-30,21.559962953703703
363,2013-12-31,18.22937037962963
364,2014-01-01,0.05555555555555555
365,2014-01-02,24.536574037037035
366,2014-01-03,21.449792592592594
367,2014-01-04,23.76664810925926
368,2014-01-05,32.70081481481481
369,2014-01-06,19.59262961111111
370,2014-01-07,15.250055638888888
371,2014-01-08,25.04083327777778
372,2014-01-09,21.954785203703704
373,2014-01-10,29.105051851851854
374,2014-01-11,29.045703648148148
375,2014-01-12,33.05037042592593
376,2014-01-13,18.356462916666665
377,2014-01-14,17.505092592592593
378,2014-01-15,21.872055574074075
379,2014-01-16,21.765946351851852
380,2014-01-17,29.105229685185186
381,2014-01-18,30.95005558333333
382,2014-01-19,31.580981425925923
383,2014-01-20,18.49861098148148
384,2014-01-21,15.271777833333331
385,2014-01-22,17.829777796296295
386,2014-01-23,17.364199938888888
387,2014-01-24,26.131920407407407
388,2014-01-25,25.2354445
389,2014-01-26,28.734611018518518
390,2014-01-27,18.493666666666666
391,2014-01-28,15.240314814814814
392,2014-01-29,16.8323147962963
393,2014-01-30,15.41557420925926
394,2014-01-31,22.309775962962963
395,2014-02-01,27.710777870370368
396,2014-02-02,28.621907444444446
397,2014-02-03,19.79605558333333
398,2014-02-04,16.068222098148148
399,2014-02-05,18.791537046296295
400,2014-02-06,17.38042411111111
401,2014-02-07,22.0244795
402,2014-02-08,22.565703666666668
403,2014-02-09,21.947592585185184
404,2014-02-10,18.425481537037037
405,2014-02-11,13.164499994444444
406,2014-02-12,17.218018555555556
407,2014-02-13,15.48072949074074
408,2014-02-14,20.44281105
409,2014-02-15,23.110592574074072
410,2014-02-16,25.16911088888889
411,2014-02-17,17.490685175925925
412,2014-02-18,15.741240759259258
413,2014-02-19,16.812129657407407
414,2014-02-20,14.640044398148147
415,2014-02-21,21.83782409259259
416,2014-02-22,23.965592592592593
417,2014-02-23,20.25440740740741
418,2014-02-24,18.526518518518518
419,2014-02-25,15.58399987037037
420,2014-02-26,17.368222166666666
421,2014-02-27,14.920118462962964
422,2014-02-28,24.80179451851852
423,2014-03-01,23.969907401851852
424,2014-03-02,19.305944425925926
425,2014-03-03,17.306814833333334
426,2014-03-04,23.091425944444445
427,2014-03-05,28.13125927777778
428,2014-03-06,24.67168887037037
429,2014-03-07,26.62712777777778
430,2014-03-08,17.64833348148148
431,2014-03-09,31.169870462962965
432,2014-03-10,18.790018537037035
433,2014-03-11,18.946944444444444
434,2014-03-12,24.677333444444443
435,2014-03-13,21.356033203703706
436,2014-03-14,25.921338787037037
437,2014-03-15,27.08327761111111
438,2014-03-16,38.87349992592593
439,2014-03-17,20.461166703703704
440,2014-03-18,16.184037074074073
441,2014-03-19,22.873333425925924
442,2014-03-20,20.156523999999997
443,2014-03-21,24.157998185185185
444,2014-03-22,28.547018518518517
445,2014-03-23,31.25001851851852
446,2014-03-24,17.924314833333334
447,2014-03-25,15.669685190740742
448,2014-03-26,23.046185185185184
449,2014-03-27,19.26317777777778
450,2014-03-28,28.34663890740741
451,2014-03-29,30.19946296296296
452,2014-03-30,32.99692600925926
453,2014-03-31,21.96598146296296
454,2014-04-01,20.80655548148148
455,2014-04-02,26.06983325925926
456,2014-04-03,18.861648185185185
457,2014-04-04,26.45447411111111
458,2014-04-05,25.23879648148148
459,2014-04-06,25.263166574074074
460,2014-04-07,16.91725931111111
461,2014-04-08,13.862407425925927
462,2014-04-09,18.587166666666665
463,2014-04-10,13.118522194444445
464,2014-04-11,19.80511474074074
465,2014-04-12,25.646240814814814
466,2014-04-13,26.6340555
467,2014-04-14,17.82935185185185
468,2014-04-15,14.746092425925927
469,2014-04-16,20.15633325925926
470,2014-04-17,21.444994407407407
471,2014-04-18,22.274863
472,2014-04-19,13.603370333333332
473,2014-04-20,22.487426103703704
474,2014-04-21,18.44309266666667
475,2014-04-22,15.245574074074073
476,2014-04-23,16.710203685185185
477,2014-04-24,13.830257388888889
478,2014-04-25,20.23309275925926
479,2014-04-26,21.99137040740741
480,2014-04-27,28.156352092592595
481,2014-04-28,16.631370305555556
482,2014-04-29,13.486648222222222
483,2014-04-30,16.52424074074074
484,2014-05-01,21.981592685185184
485,2014-05-02,26.045786907407408
486,2014-05-03,24.658259203703704
487,2014-05-04,24.58798148148148
488,2014-05-05,15.996314703703703
489,2014-05-06,18.46357398148148
490,2014-05-07,20.922926092592594
491,2014-05-08,15.89320361111111
492,2014-05-09,28.11749075925926
493,2014-05-10,28.792685092592592
494,2014-05-11,22.312537
495,2014-05-12,20.13209262962963
496,2014-05-13,18.501036944444444
497,2014-05-14,19.680962851851852
498,2014-05-15,13.586851755555555
499,2014-05-16,21.965118537037036
500,2014-05-17,22.980944592592593
501,2014-05-18,30.140833264814816
502,2014-05-19,19.600407462962966
503,2014-05-20,16.282611074074072
504,2014-05-21,20.48503703703704
505,2014-05-22,17.174166685185185
506,2014-05-23,23.765338888888888
507,2014-05-24,24.7201667037037
508,2014-05-25,30.033370462962964
509,2014-05-26,19.554185203703703
510,2014-05-27,16.78209259259259
511,2014-05-28,16.91844438888889
512,2014-05-29,14.748024083333334
513,2014-05-30,25.419518683333333
514,2014-05-31,24.534759259259257
515,2014-06-01,34.39416688888889
516,2014-06-02,23.05701855185185
517,2014-06-03,20.22259262962963
518,2014-06-04,22.082518462962963
519,2014-06-05,15.945833277777778
520,2014-06-06,26.171044537037037
521,2014-06-07,26.35246312962963
522,2014-06-08,32.04314790740741
523,2014-06-09,22.579962851851853
524,2014-06-10,15.40627786111111
525,2014-06-11,17.489888814814815
526,2014-06-12,12.948759277777778
527,2014-06-13,23.24403692592593
528,2014-06-14,26.08479625925926
529,2014-06-15,19.114203768518518
530,2014-06-16,21.119851925925925
531,2014-06-17,17.4884445
532,2014-06-18,17.991722227777778
533,2014-06-19,14.961777814814816
534,2014-06-20,20.778013037037038
535,2014-06-21,23.551666555555556
536,2014-06-22,28.048537064814816
537,2014-06-23,19.381777638888888
538,2014-06-24,15.239259324074075
539,2014-06-25,17.14037037037037
540,2014-06-26,14.340666629629629
541,2014-06-27,22.623188944444447
542,2014-06-28,22.285259203703706
543,2014-06-29,26.993685212962962
544,2014-06-30,20.17687037962963
545,2014-07-01,20.0064445
546,2014-07-02,25.371203787037036
547,2014-07-03,18.824685114814812
548,2014-07-04,23.628505333333333
549,2014-07-05,25.082777864814815
550,2014-07-06,29.410092814814814
551,2014-07-07,21.13961105555556
552,2014-07-08,16.739277805555556
553,2014-07-09,18.399574037037038
554,2014-07-10,13.879555537037037
555,2014-07-11,22.71804277777778
556,2014-07-12,22.846388787037036
557,2014-07-13,25.414500166666667
558,2014-07-14,17.271685222222224
559,2014-07-15,17.573037053703704
560,2014-07-16,20.36033337962963
561,2014-07-17,15.443166575925927
562,2014-07-18,23.521333127777776
563,2014-07-19,20.095963037037038
564,2014-07-20,22.66805549444444
565,2014-07-21,19.226981333333335
566,2014-07-22,16.871592574074075
567,2014-07-23,18.965907444444447
568,2014-07-24,14.632611046296297
569,2014-07-25,22.163129462962964
570,2014-07-26,21.31214814259259
571,2014-07-27,24.460166777777776
572,2014-07-28,19.12207414814815
573,2014-07-29,14.873555531481482
574,2014-07-30,17.379981481481483
575,2014-07-31,16.608185055555555
576,2014-08-01,28.35603697222222
577,2014-08-02,25.15827774074074
578,2014-08-03,26.557185148148147
579,2014-08-04,18.999999925925927
580,2014-08-05,16.624611074074075
581,2014-08-06,18.649333388888888
582,2014-08-07,14.33792588888889
583,2014-08-08,21.475796275925926
584,2014-08-09,19.220574111111112
585,2014-08-10,22.404147953703703
586,2014-08-11,17.57355564814815
587,2014-08-12,13.12988887037037
588,2014-08-13,17.78188885185185
589,2014-08-14,14.024092546296297
590,2014-08-15,23.269592616666664
591,2014-08-16,22.28883337037037
592,2014-08-17,26.622351833333337
593,2014-08-18,19.602277722222222
594,2014-08-19,16.959722227777778
595,2014-08-20,19.730833333333333
596,2014-08-21,14.97698149074074
597,2014-08-22,24.00977787962963
598,2014-08-23,23.55653701851852
599,2014-08-24,25.313851883333335
600,2014-08-25,19.080499981481484
601,2014-08-26,17.509425935185185
602,2014-08-27,17.625907555555553
603,2014-08-28,13.348185148148149
604,2014-08-29,22.15259248148148
605,2014-08-30,22.449259148148148
606,2014-08-31,23.960592685185183
607,2014-09-01,20.35453725925926
608,2014-09-02,17.300851777777776
609,2014-09-03,21.11707399074074
610,2014-09-04,15.88057405
611,2014-09-05,23.87557412962963
612,2014-09-06,21.31518537962963
613,2014-09-07,22.88457414814815
614,2014-09-08,16.621407407407407
615,2014-09-09,16.87311112962963
616,2014-09-10,17.87292592037037
617,2014-09-11,14.883925962962962
618,2014-09-12,22.76650012962963
619,2014-09-13,26.102333277777777
620,2014-09-14,29.73620375
621,2014-09-15,20.95240749074074
622,2014-09-16,19.587740740740742
623,2014-09-17,22.06403700925926
624,2014-09-18,15.574203703703702
625,2014-09-19,26.059370462962963
626,2014-09-20,29.21238887037037
627,2014-09-21,31.00068525925926
628,2014-09-22,21.251222240740738
629,2014-09-23,19.767444425925923
630,2014-09-24,21.573092629629627
631,2014-09-25,15.445129722222223
632,2014-09-26,25.276444444444444
633,2014-09-27,28.909666703703707
634,2014-09-28,33.62535174074074
635,2014-09-29,19.984222222222222
636,2014-09-30,19.554925994444446
637,2014-10-01,30.951796444444444
638,2014-10-02,22.139018629629632
639,2014-10-03,31.260740666666667
640,2014-10-04,32.277
641,2014-10-05,34.92348146296296
642,2014-10-06,24.122055555555555
643,2014-10-07,22.30712967777778
644,2014-10-08,22.259962981481483
645,2014-10-09,17.70224072222222
646,2014-10-10,27.425629407407406
647,2014-10-11,25.47744424074074
648,2014-10-12,29.14224077777778
649,2014-10-13,21.500833351851853
650,2014-10-14,21.020425944444444
651,2014-10-15,22.510018518518518
652,2014-10-16,20.801018537037038
653,2014-10-17,29.574462833333335
654,2014-10-18,30.9970927962963
655,2014-10-19,35.06270388888889
656,2014-10-20,23.977574092592594
657,2014-10-21,19.136
658,2014-10-22,22.472611185185183
659,2014-10-23,19.765148148148146
660,2014-10-24,26.273833314814812
661,2014-10-25,25.081222222222223
662,2014-10-26,33.177407574074074
663,2014-10-27,20.43364825
664,2014-10-28,19.271203611111112
665,2014-10-29,20.767648157407407
666,2014-10-30,16.84729627777778
667,2014-10-31,26.61309262037037
668,2014-11-01,27.175666675925928
669,2014-11-02,23.616111237037035
670,2014-11-03,32.847796018518515
671,2014-11-04,23.551851981481484
672,2014-11-05,25.32762962037037
673,2014-11-06,20.95618509259259
674,2014-11-07,28.345055537037037
675,2014-11-08,28.028536962962963
676,2014-11-09,32.79981461111111
677,2014-11-10,22.348666777777776
678,2014-11-11,20.36451851851852
679,2014-11-12,21.714203685185183
680,2014-11-13,16.169388833333333
681,2014-11-14,26.08562961111111
682,2014-11-15,25.8491852037037
683,2014-11-16,35.59031483333334
684,2014-11-17,21.49716664814815
685,2014-11-18,21.587055555555555
686,2014-11-19,21.045629735185184
687,2014-11-20,17.936962883333333
688,2014-11-21,25.979148240740738
689,2014-11-22,27.402888944444445
690,2014-11-23,31.114500203703706
691,2014-11-24,21.951888888888888
692,2014-11-25,18.689926092592593
693,2014-11-26,20.837203666666667
694,2014-11-27,15.349574203703705
695,2014-11-28,27.040203666666667
696,2014-11-29,27.667203481481483
697,2014-11-30,33.69759253703704
698,2014-12-01,25.924870296296294
699,2014-12-02,24.008796342592593
700,2014-12-03,24.352814814814813
701,2014-12-04,17.77481475925926
702,2014-12-05,27.094518574074073
703,2014-12-06,26.216462888888888
704,2014-12-07,32.457351833333334
705,2014-12-08,22.581370296296296
706,2014-12-09,19.405703722222224
707,2014-12-10,21.24692587037037
708,2014-12-11,17.286074074074072
709,2014-12-12,25.760814796296295
710,2014-12-13,25.228963166666663
711,2014-12-14,29.309111157407408
712,2014-12-15,20.214351833333332
713,2014-12-16,21.37825912962963
714,2014-12-17,22.256870351851852
715,2014-12-18,17.486203685185185
716,2014-12-19,21.691296294444445
717,2014-12-20,19.47433348148148
718,2014-12-21,24.194777842592593
719,2014-12-22,19.69785183888889
720,2014-12-23,18.27779623148148
721,2014-12-24,12.091351777777778
722,2014-12-26,26.31387035185185
723,2014-12-27,20.503092666666664
724,2014-12-28,21.047833333333333
725,2014-12-29,20.57892601851852
726,2014-12-30,22.042629629629626
727,2014-12-31,18.219425981481482
728,2015-01-01,0.25925925925925924
729,2015-01-02,29.931851703703703
730,2015-01-03,25.36572222222222
731,2015-01-04,31.74440727777778
732,2015-01-05,23.94899990740741
733,2015-01-06,21.15759262962963
734,2015-01-07,24.158203666666665
735,2015-01-08,20.892981611111114
736,2015-01-09,28.63261125925926
737,2015-01-10,27.48635196296296
738,2015-01-11,35.94757448148148
739,2015-01-12,22.85033325925926
740,2015-01-13,18.760777796296296
741,2015-01-14,21.44598157407407
742,2015-01-15,17.173259259259257
743,2015-01-16,28.803425944444445
744,2015-01-17,30.381796333333334
745,2015-01-18,34.7110925
746,2015-01-19,22.75742587037037
747,2015-01-20,19.974685185185187
748,2015-01-21,22.250833314814813
749,2015-01-22,17.077370305555558
750,2015-01-23,27.393055555555552
751,2015-01-24,29.060407425925927
752,2015-01-25,31.218648074074075
753,2015-01-26,21.161055481481483
754,2015-01-27,20.01170366666667
755,2015-01-28,20.208740722222224
756,2015-01-29,16.458537055555556
757,2015-01-30,28.015314768518518
758,2015-01-31,30.127314962962963
759,2015-02-01,38.72196268518518
760,2015-02-02,24.76431501851852
761,2015-02-03,21.84659261111111
762,2015-02-04,22.446129462962965
763,2015-02-05,16.684759277777776
764,2015-02-06,27.5267777037037
765,2015-02-07,25.591037092592593
766,2015-02-08,30.216814944444444
767,2015-02-09,20.997537092592594
768,2015-02-10,17.068703624074075
769,2015-02-11,17.712981425925925
770,2015-02-12,15.385574092592593
771,2015-02-13,26.061629574074075
772,2015-02-14,21.518222203703704
773,2015-02-15,18.387407296296296
774,2015-02-16,20.559740703703703
775,2015-02-17,26.086648296296296
776,2015-02-18,26.88977790740741
777,2015-02-19,19.98918514814815
778,2015-02-20,31.7979445
779,2015-02-21,27.230722185185186
780,2015-02-22,34.26801874074074
781,2015-02-23,20.15648146296296
782,2015-02-24,19.76329614814815
783,2015-02-25,21.926426
784,2015-02-26,18.450111092592593
785,2015-02-27,27.928277833333336
786,2015-02-28,27.922203703703705
787,2015-03-01,40.84998148148148
788,2015-03-02,25.494537055555558
789,2015-03-03,23.185425888888886
790,2015-03-04,26.140148185185186
791,2015-03-05,21.387555574074074
792,2015-03-06,29.943203870370372
793,2015-03-07,29.239518351851853
794,2015-03-08,31.060148148148148
795,2015-03-09,23.279703703703703
796,2015-03-10,21.40270367222222
797,2015-03-11,22.098685222222223
798,2015-03-12,18.919000083333334
799,2015-03-13,29.407518444444445
800,2015-03-14,29.242333333333335
801,2015-03-15,32.82685222222222
802,2015-03-16,24.637592685185183
803,2015-03-17,21.281722148148148
804,2015-03-18,23.044111314814813
805,2015-03-19,20.962463101851853
806,2015-03-20,30.838370333333334
807,2015-03-21,29.595925851851852
808,2015-03-22,35.11600009259259
809,2015-03-23,22.22427773148148
810,2015-03-24,20.65275924074074
811,2015-03-25,21.74125925925926
812,2015-03-26,18.04331488888889
813,2015-03-27,30.272111296296295
814,2015-03-28,28.04611113888889
815,2015-03-29,33.74235201851852
816,2015-03-30,22.90194453703704
817,2015-03-31,23.69038901851852
818,2015-04-01,30.452999962962963
819,2015-04-02,30.380648296296297
820,2015-04-03,35.78614811111111
821,2015-04-04,28.434999925925926
822,2015-04-05,29.468796388888887
823,2015-04-06,22.48311112962963
824,2015-04-07,20.290092574074077
825,2015-04-08,21.27779637037037
826,2015-04-09,15.358148092592593
827,2015-04-10,28.014148148148152
828,2015-04-11,28.221870425925925
829,2015-04-12,32.486963
830,2015-04-13,21.414759185185183
831,2015-04-14,18.869796333333333
832,2015-04-15,21.636944444444445
833,2015-04-16,20.016351870370368
834,2015-04-17,27.633851851851855
835,2015-04-18,30.096537074074075
836,2015-04-19,32.37744451851852
837,2015-04-20,23.268500018518516
838,2015-04-21,21.092870314814814
839,2015-04-22,22.26044451851852
840,2015-04-23,17.29448151851852
841,2015-04-24,26.875036962962962
842,2015-04-25,27.275740703703704
843,2015-04-26,31.106759222222223
844,2015-04-27,20.77951848148148
845,2015-04-28,17.762203675925925
846,2015-04-29,19.29231475925926
847,2015-04-30,18.725370314814814
848,2015-05-01,35.70470364814815
849,2015-05-02,30.632370370370367
850,2015-05-03,35.086018333333335
851,2015-05-04,25.193037037037037
852,2015-05-05,20.917148185185187
853,2015-05-06,24.18037035185185
854,2015-05-07,20.96840746296296
855,2015-05-08,30.58985177777778
856,2015-05-09,29.67001848148148
857,2015-05-10,24.808962962962962
858,2015-05-11,22.18637040740741
859,2015-05-12,20.41729640740741
860,2015-05-13,22.10400011111111
861,2015-05-14,17.30581501851852
862,2015-05-15,28.749333333333333
863,2015-05-16,30.914407444444443
864,2015-05-17,35.314685203703704
865,2015-05-18,21.590907462962964
866,2015-05-19,18.119037046296295
867,2015-05-20,18.85848148148148
868,2015-05-21,16.82246301851852
869,2015-05-22,27.355962777777776
870,2015-05-23,27.335555657407408
871,2015-05-24,32.031166444444445
872,2015-05-25,20.513000018518515
873,2015-05-26,18.612722277777777
874,2015-05-27,19.737259203703704
875,2015-05-28,16.553129703703704
876,2015-05-29,26.583203870370372
877,2015-05-30,31.574129629629628
878,2015-05-31,36.7337407037037
879,2015-06-01,24.27333334259259
880,2015-06-02,23.356999957407407
881,2015-06-03,24.209907481481483
882,2015-06-04,20.62709257962963
883,2015-06-05,27.213796074074075
884,2015-06-06,27.085981444444446
885,2015-06-07,32.65898151296296
886,2015-06-08,20.513518611111113
887,2015-06-09,18.29696292962963
888,2015-06-10,20.056611098148146
889,2015-06-11,15.305963046296297
890,2015-06-12,24.841277851851853
891,2015-06-13,25.144222129629632
892,2015-06-14,28.90368513888889
893,2015-06-15,22.159666716666667
894,2015-06-16,22.257351907407408
895,2015-06-17,24.0244445
896,2015-06-18,19.028518487037037
897,2015-06-19,30.94438883148148
898,2015-06-20,29.787277629629628
899,2015-06-21,27.395592592592592
900,2015-06-22,22.893777703703705
901,2015-06-23,21.833814962962965
902,2015-06-24,24.796148092592595
903,2015-06-25,16.414629616666666
904,2015-06-26,25.998370388888887
905,2015-06-27,26.470703805555555
906,2015-06-28,31.064796475925927
907,2015-06-29,21.13394444444444
908,2015-06-30,19.466611092592593
909,2015-07-01,27.82535201851852
910,2015-07-02,23.006185083333335
911,2015-07-03,32.04959268518518
912,2015-07-04,32.848888851851854
913,2015-07-05,29.613648148148147
914,2015-07-06,20.498629518518516
915,2015-07-07,18.39914813888889
916,2015-07-08,23.51224061111111
917,2015-07-09,16.22285187962963
918,2015-07-10,27.06975925925926
919,2015-07-11,24.422481574074073
920,2015-07-12,27.6217037037037
921,2015-07-13,19.35711114814815
922,2015-07-14,17.72759262962963
923,2015-07-15,19.780000074074078
924,2015-07-16,17.17072225925926
925,2015-07-17,28.717722314814814
926,2015-07-18,26.316129611111112
927,2015-07-19,29.01496294444444
928,2015-07-20,18.851814851851852
929,2015-07-21,16.6555
930,2015-07-22,18.388259185185184
931,2015-07-23,16.42324072222222
932,2015-07-24,26.31401847222222
933,2015-07-25,26.3327592962963
934,2015-07-26,29.07748141111111
935,2015-07-27,18.548407353703706
936,2015-07-28,18.07481482037037
937,2015-07-29,18.714055555555554
938,2015-07-30,17.12798151851852
939,2015-07-31,27.93894446851852
940,2015-08-01,29.4597407962963
941,2015-08-02,32.43411118518519
942,2015-08-03,25.308148000000003
943,2015-08-04,18.46214814814815
944,2015-08-05,19.076370407407406
945,2015-08-06,15.895907407407408
946,2015-08-07,23.31890745
947,2015-08-08,21.339407425925927
948,2015-08-09,20.068500185185187
949,2015-08-10,24.955907425925925
950,2015-08-11,18.370462907407408
951,2015-08-12,18.90477769814815
952,2015-08-13,16.989333314814814
953,2015-08-14,25.853314574074076
954,2015-08-15,27.911907296296295
955,2015-08-16,26.828092537037037
956,2015-08-17,21.596703944444446
957,2015-08-18,17.622851716666666
958,2015-08-19,18.458037005555553
959,2015-08-20,17.478666722222222
960,2015-08-21,27.11581481481481
961,2015-08-22,22.151944574074076
962,2015-08-23,26.711129703703705
963,2015-08-24,19.997277875925924
964,2015-08-25,17.746036944444445
965,2015-08-26,18.747888935185184
966,2015-08-27,16.476926
967,2015-08-28,26.622648074074075
968,2015-08-29,26.89383325925926
969,2015-08-30,31.884314777777778
970,2015-08-31,24.71853699444444
971,2015-09-01,26.848981518518517
972,2015-09-02,29.14970346296296
973,2015-09-03,22.533555555555555
974,2015-09-04,31.9639445
975,2015-09-05,31.778184962962964
976,2015-09-06,35.82301846296296
977,2015-09-07,23.857555364814814
978,2015-09-08,20.290888925925927
979,2015-09-09,23.226481416666665
980,2015-09-10,17.216499981481483
981,2015-09-11,26.188074074074073
982,2015-09-12,30.281111111111112
983,2015-09-13,32.195425907407405
984,2015-09-14,21.308351851851853
985,2015-09-15,19.754092601851852
986,2015-09-16,24.31631474074074
987,2015-09-17,18.6700185
988,2015-09-18,27.879037018518517
989,2015-09-19,32.16505562962963
990,2015-09-20,34.32403722222222
991,2015-09-21,23.53940737037037
992,2015-09-22,20.296351953703702
993,2015-09-23,22.905814925925924
994,2015-09-24,18.644592518518518
995,2015-09-25,29.82044449074074
996,2015-09-26,28.585481685185187
997,2015-09-27,33.2732407962963
998,2015-09-28,22.888685337037035
999,2015-09-29,22.66270382037037
1000,2015-09-30,23.656907444444442
1001,2015-10-01,23.69488887037037
1002,2015-10-02,34.80024062962963
1003,2015-10-03,36.62437027777778
1004,2015-10-04,40.08159257407407
1005,2015-10-05,25.323611074074076
1006,2015-10-06,20.50074064814815
1007,2015-10-07,23.500148333333332
1008,2015-10-08,17.28066664814815
1009,2015-10-09,31.43540722222222
1010,2015-10-10,26.714703685185185
1011,2015-10-11,27.43479625925926
1012,2015-10-12,20.301240635185188
1013,2015-10-13,17.21650001851852
1014,2015-10-14,21.619129759259263
1015,2015-10-15,17.637277796296296
1016,2015-10-16,30.371833259259258
1017,2015-10-17,28.5689815
1018,2015-10-18,33.42711112962963
1019,2015-10-19,20.225981500000003
1020,2015-10-20,21.1994627962963
1021,2015-10-21,21.354629635185187
1022,2015-10-22,16.148018505555555
1023,2015-10-23,28.437240629629628
1024,2015-10-24,25.857111092592593
1025,2015-10-25,30.509981481481482
1026,2015-10-26,19.771092666666664
1027,2015-10-27,18.69096288888889
1028,2015-10-28,19.161074059259256
1029,2015-10-29,16.64853702962963
1030,2015-10-30,25.234703753703705
1031,2015-10-31,27.338388888888886
1032,2015-11-01,23.45557407407407
1033,2015-11-02,24.392666685185187
1034,2015-11-03,29.473870351851854
1035,2015-11-04,26.227037129629633
1036,2015-11-05,18.861962944444446
1037,2015-11-06,31.202814833333335
1038,2015-11-07,31.076518481481482
1039,2015-11-08,35.06353723148148
1040,2015-11-09,21.441351981481482
1041,2015-11-10,19.044037035185188
1042,2015-11-11,21.250259333333336
1043,2015-11-12,15.687481457407408
1044,2015-11-13,26.979925870370373
1045,2015-11-14,28.02429625925926
1046,2015-11-15,33.77837038888889
1047,2015-11-16,22.41449997222222
1048,2015-11-17,18.022685222222222
1049,2015-11-18,23.07275925925926
1050,2015-11-19,16.404203666666668
1051,2015-11-20,27.917296314814816
1052,2015-11-21,27.172166646296297
1053,2015-11-22,30.43305552777778
1054,2015-11-23,19.305148055555556
1055,2015-11-24,16.071074
1056,2015-11-25,16.127259166666665
1057,2015-11-26,14.80183337037037
1058,2015-11-27,24.181185179629633
1059,2015-11-28,23.50368514814815
1060,2015-11-29,31.275148148148148
1061,2015-11-30,22.296833509259258
1062,2015-12-01,23.50816656851852
1063,2015-12-02,23.26168524074074
1064,2015-12-03,18.406055574074074
1065,2015-12-04,27.326462953703704
1066,2015-12-05,26.159277703703705
1067,2015-12-06,32.17370368518519
1068,2015-12-07,24.003796259259257
1069,2015-12-08,18.953444537037036
1070,2015-12-09,21.801814740740742
1071,2015-12-10,15.8704259
1072,2015-12-11,22.448592574074073
1073,2015-12-12,24.19477787037037
1074,2015-12-13,28.178777805555555
1075,2015-12-14,19.885500012962964
1076,2015-12-15,17.337629629629628
1077,2015-12-16,19.39955562962963
1078,2015-12-17,15.243296370370372
1079,2015-12-18,23.836036814814815
1080,2015-12-19,23.781166579629627
1081,2015-12-20,23.965092487037037
1082,2015-12-21,18.385777685185186
1083,2015-12-22,16.49035187037037
1084,2015-12-23,17.64835187037037
1085,2015-12-24,11.717055685185185
1086,2015-12-26,21.080314814814816
1087,2015-12-27,19.733722185185183
1088,2015-12-28,17.77051840925926
1089,2015-12-29,17.952796314814815
1090,2015-12-30,19.409073944444444
1091,2015-12-31,14.6745
1092,2016-01-01,0.24074074074074073
1093,2016-01-02,27.444407407407407
1094,2016-01-03,33.68709253703704
1095,2016-01-04,25.791073981481482
1096,2016-01-05,22.228277851851853
1097,2016-01-06,25.53183327777778
1098,2016-01-07,18.20081484814815
1099,2016-01-08,26.84972219814815
1100,2016-01-09,29.38972224074074
1101,2016-01-10,33.135944314814815
1102,2016-01-11,18.413907333333334
1103,2016-01-12,17.610833314814816
1104,2016-01-13,20.149963055555556
1105,2016-01-14,18.219537055555556
1106,2016-01-15,25.750092537037037
1107,2016-01-16,29.07237037037037
1108,2016-01-17,31.569388925925924
1109,2016-01-18,20.189925833333334
1110,2016-01-19,17.99370374074074
1111,2016-01-20,22.25538887037037
1112,2016-01-21,17.490462961111113
1113,2016-01-22,27.077722037037034
1114,2016-01-23,27.34901851851852
1115,2016-01-24,30.725463027777778
1116,2016-01-25,18.12346298148148
1117,2016-01-26,18.673481574074074
1118,2016-01-27,20.178370185185187
1119,2016-01-28,16.130573948148147
1120,2016-01-29,26.793592555555556
1121,2016-01-30,27.42396288888889
1122,2016-01-31,33.50027772222222
1123,2016-02-01,23.03059257037037
1124,2016-02-02,21.460018518518517
1125,2016-02-03,21.571759240740743
1126,2016-02-04,16.689944462962963
1127,2016-02-05,27.732518624074075
1128,2016-02-06,24.72309262962963
1129,2016-02-07,18.64190740740741
1130,2016-02-08,19.97474064814815
1131,2016-02-09,23.894333185185182
1132,2016-02-10,24.391203481481483
1133,2016-02-11,20.147277796296297
1134,2016-02-12,30.296462990740743
1135,2016-02-13,26.81762952777778
1136,2016-02-14,30.184648185185186
1137,2016-02-15,23.02137037037037
1138,2016-02-16,23.950740666666665
1139,2016-02-17,22.83653698148148
1140,2016-02-18,16.347574074074075
1141,2016-02-19,30.782777796296294
1142,2016-02-20,27.276333305555553
1143,2016-02-21,31.614666487037038
1144,2016-02-22,21.330574000000002
1145,2016-02-23,19.169685075925926
1146,2016-02-24,19.947277759259258
1147,2016-02-25,16.9235
1148,2016-02-26,26.43579631296296
1149,2016-02-27,26.37868509259259
1150,2016-02-28,30.33090738888889
1151,2016-02-29,20.483129712962963
1152,2016-03-01,24.506666685185184
1153,2016-03-02,24.076203777777778
1154,2016-03-03,16.96503700925926
1155,2016-03-04,29.50866659814815
1156,2016-03-05,29.032999814814815
1157,2016-03-06,31.195851842592592
1158,2016-03-07,20.909907425925926
1159,2016-03-08,17.495037046296297
1160,2016-03-09,21.052351835185185
1161,2016-03-10,17.056388944444443
1162,2016-03-11,27.136814792592595
1163,2016-03-12,27.36974072222222
1164,2016-03-13,28.404647916666665
1165,2016-03-14,20.45351848148148
1166,2016-03-15,20.31520374074074
1167,2016-03-16,23.145185277777777
1168,2016-03-17,18.766981457407407
1169,2016-03-18,29.12611106851852
1170,2016-03-19,28.42677777777778
1171,2016-03-20,29.376074111111112
1172,2016-03-21,22.38846298148148
1173,2016-03-22,17.99390742037037
1174,2016-03-23,25.64218524074074
1175,2016-03-24,26.12651847222222
1176,2016-03-25,30.240055555555553
1177,2016-03-26,20.997407509259258
1178,2016-03-27,25.181944444444444
1179,2016-03-28,19.347685209259257
1180,2016-03-29,18.574185085185185
1181,2016-03-30,18.792889
1182,2016-03-31,17.335500012962964
1183,2016-04-01,34.81975937037037
1184,2016-04-02,32.69324088888889
1185,2016-04-03,39.85346309259259
1186,2016-04-04,23.76040750925926
1187,2016-04-05,21.2962965
1188,2016-04-06,22.577296287037036
1189,2016-04-07,17.254500166666666
1190,2016-04-08,28.869685068518518
1191,2016-04-09,27.671425925925927
1192,2016-04-10,31.494814407407407
1193,2016-04-11,21.648555703703703
1194,2016-04-12,18.279907453703704
1195,2016-04-13,19.39455551851852
1196,2016-04-14,16.204481472222223
1197,2016-04-15,26.52962962962963
1198,2016-04-16,26.420888833333333
1199,2016-04-17,29.65272207407407
1200,2016-04-18,22.26655553703704
1201,2016-04-19,20.161481499999997
1202,2016-04-20,23.453018572222224
1203,2016-04-21,16.949740666666667
1204,2016-04-22,26.076851833333333
1205,2016-04-23,27.118388905555555
1206,2016-04-24,30.15407412962963
1207,2016-04-25,18.53514812962963
1208,2016-04-26,16.616259255555555
1209,2016-04-27,18.109499944444444
1210,2016-04-28,13.617074092592592
1211,2016-04-29,28.93240798148148
1212,2016-04-30,28.355777796296298
1213,2016-05-01,34.7872962962963
1214,2016-05-02,24.682036999999998
1215,2016-05-03,21.005166598148147
1216,2016-05-04,21.738074087037038
1217,2016-05-05,16.363277824074075
1218,2016-05-06,27.96855555925926
1219,2016-05-07,31.285148166666666
1220,2016-05-08,21.068111116666664
1221,2016-05-09,21.750537183333336
1222,2016-05-10,19.27048151851852
1223,2016-05-11,20.05961113888889
1224,2016-05-12,15.472648161111112
1225,2016-05-13,28.340166674074073
1226,2016-05-14,28.558796261111112
1227,2016-05-15,33.004685259259254
1228,2016-05-16,21.090296296296295
1229,2016-05-17,18.226518407407408
1230,2016-05-18,20.26733342037037
1231,2016-05-19,17.99927771296296
1232,2016-05-20,30.194314507407405
1233,2016-05-21,29.61861111111111
1234,2016-05-22,30.32579625925926
1235,2016-05-23,22.136889018518517
1236,2016-05-24,18.505296287037037
1237,2016-05-25,18.529814814814817
1238,2016-05-26,15.664851777777779
1239,2016-05-27,32.06333325925926
1240,2016-05-28,24.57801841296296
1241,2016-05-29,28.226462962962962
1242,2016-05-30,23.15246296296296
1243,2016-05-31,25.152129661111115
1244,2016-06-01,22.632463
1245,2016-06-02,18.586277875925926
1246,2016-06-03,30.579833333333333
1247,2016-06-04,28.46375922222222
1248,2016-06-05,31.64957411111111
1249,2016-06-06,22.1610925
1250,2016-06-07,19.070851925925925
1251,2016-06-08,20.006129631481482
1252,2016-06-09,15.182203668518518
1253,2016-06-10,29.519907537037035
1254,2016-06-11,25.305796305555557
1255,2016-06-12,29.045870370370373
1256,2016-06-13,19.317722203703706
1257,2016-06-14,16.69125936111111
1258,2016-06-15,19.195481435185187
1259,2016-06-16,17.043740759259258
1260,2016-06-17,30.087166666666665
1261,2016-06-18,30.74770351851852
1262,2016-06-19,24.423314888888886
1263,2016-06-20,22.27820366851852
1264,2016-06-21,19.672611153703702
1265,2016-06-22,20.190592614814815
1266,2016-06-23,16.351018500000002
1267,2016-06-24,26.365037
1268,2016-06-25,27.63464819444444
1269,2016-06-26,28.475425907407406
1270,2016-06-27,19.112833333333334
1271,2016-06-28,17.961166648148147
1272,2016-06-29,19.394962981481484
1273,2016-06-30,15.258888944444445
1274,2016-07-01,33.31379647222222
1275,2016-07-02,31.253740740740742
1276,2016-07-03,32.85929651851852
1277,2016-07-04,22.585963092592593
1278,2016-07-05,21.092629703703704
1279,2016-07-06,22.484388888888887
1280,2016-07-07,17.548407324074073
1281,2016-07-08,26.97885187037037
1282,2016-07-09,26.386074179629627
1283,2016-07-10,28.86705557222222
1284,2016-07-11,20.40988886111111
1285,2016-07-12,19.417203759259262
1286,2016-07-13,18.359092675925925
1287,2016-07-14,13.631648203703705
1288,2016-07-15,26.84805559814815
1289,2016-07-16,26.34346309259259
1290,2016-07-17,29.665000014814815
1291,2016-07-18,21.15211101851852
1292,2016-07-19,20.019962862962963
1293,2016-07-20,20.637148203703706
1294,2016-07-21,16.167185194444443
1295,2016-07-22,26.825592814814815
1296,2016-07-23,23.718537037037034
1297,2016-07-24,25.297851740740743
1298,2016-07-25,22.61631474074074
1299,2016-07-26,17.312536962962962
1300,2016-07-27,18.802851846296296
1301,2016-07-28,15.248425909259261
1302,2016-07-29,28.158925868518516
1303,2016-07-30,25.395925981481483
1304,2016-07-31,30.986018631481482
1305,2016-08-01,27.704333314814814
1306,2016-08-02,22.393166727777775
1307,2016-08-03,23.360111096296297
1308,2016-08-04,18.209185185185188
1309,2016-08-05,32.43203681666667
1310,2016-08-06,25.466685157407408
1311,2016-08-07,28.58068514814815
1312,2016-08-08,22.767425922222223
1313,2016-08-09,18.501185203703702
1314,2016-08-10,20.289240740740738
1315,2016-08-11,16.825185055555554
1316,2016-08-12,27.07203702037037
1317,2016-08-13,22.622777794444442
1318,2016-08-14,23.68627772037037
1319,2016-08-15,24.219222296296294
1320,2016-08-16,22.80248138888889
1321,2016-08-17,23.56498148148148
1322,2016-08-18,18.622296307407407
1323,2016-08-19,29.21422209259259
1324,2016-08-20,26.79996292592593
1325,2016-08-21,30.15475933333333
1326,2016-08-22,22.884055555555555
1327,2016-08-23,19.56633326851852
1328,2016-08-24,20.58037045925926
1329,2016-08-25,17.042888814814816
1330,2016-08-26,28.46361140740741
1331,2016-08-27,24.891870425925926
1332,2016-08-28,29.577740685185184
1333,2016-08-29,20.642648185185184
1334,2016-08-30,19.596759296296295
1335,2016-08-31,22.69975920740741
1336,2016-09-01,21.15618525925926
1337,2016-09-02,35.29431477777778
1338,2016-09-03,34.09362955555556
1339,2016-09-04,35.724425888888895
1340,2016-09-05,27.054740805555554
1341,2016-09-06,22.119611074074076
1342,2016-09-07,22.791314796296295
1343,2016-09-08,18.064092638888887
1344,2016-09-09,29.667796222222222
1345,2016-09-10,28.43820372222222
1346,2016-09-11,32.14244446851852
1347,2016-09-12,21.45366663888889
1348,2016-09-13,17.746351870370372
1349,2016-09-14,18.555018481481483
1350,2016-09-15,16.931092574074075
1351,2016-09-16,30.524129537037037
1352,2016-09-17,28.26994448148148
1353,2016-09-18,30.09118524074074
1354,2016-09-19,21.074425907407406
1355,2016-09-20,19.26231469814815
1356,2016-09-21,20.214851851851854
1357,2016-09-22,16.235555555555557
1358,2016-09-23,26.705740746296296
1359,2016-09-24,25.652814722222224
1360,2016-09-25,28.757610927777776
1361,2016-09-26,18.655074142592593
1362,2016-09-27,16.371185194444447
1363,2016-09-28,17.673944431481484
1364,2016-09-29,15.027074116666666
1365,2016-09-30,26.82792609259259
1366,2016-10-01,33.16087048148148
1367,2016-10-02,37.12053687592592
1368,2016-10-03,24.12331462962963
1369,2016-10-04,21.273759296296294
1370,2016-10-05,21.20333333518519
1371,2016-10-06,18.027870425925926
1372,2016-10-07,33.379555555555555
1373,2016-10-08,29.68874074074074
1374,2016-10-09,32.4732037037037
1375,2016-10-10,21.560037009259258
1376,2016-10-11,17.986592555555557
1377,2016-10-12,19.95887037037037
1378,2016-10-13,15.217407379629629
1379,2016-10-14,30.246666925925926
1380,2016-10-15,26.148944462962962
1381,2016-10-16,33.94916672592593
1382,2016-10-17,21.350333453703705
1383,2016-10-18,18.648074203703704
1384,2016-10-19,20.011277814814814
1385,2016-10-20,18.093388925925925
1386,2016-10-21,29.962999987037037
1387,2016-10-22,25.72400009259259
1388,2016-10-23,31.13653709259259
1389,2016-10-24,18.21531470925926
1390,2016-10-25,18.197648124074075
1391,2016-10-26,21.01216656851852
1392,2016-10-27,13.577055516666666
1393,2016-10-28,27.572777851851853
1394,2016-10-29,22.429185212962963
1395,2016-10-30,26.856148055555558
1396,2016-10-31,17.473037083333335
1397,2016-11-01,19.93248148148148
1398,2016-11-02,26.394481481481485
1399,2016-11-03,18.667314842592592
1400,2016-11-04,30.01211111111111
1401,2016-11-05,25.606425962962962
1402,2016-11-06,31.601333314814813
1403,2016-11-07,24.447388898148148
1404,2016-11-08,21.939703703703703
1405,2016-11-09,22.657185000000002
1406,2016-11-10,17.81255567962963
1407,2016-11-11,30.14205556111111
1408,2016-11-12,27.997536999999998
1409,2016-11-13,37.01916664814815
1410,2016-11-14,21.640592537037037
1411,2016-11-15,20.023092644444446
1412,2016-11-16,23.69638895
1413,2016-11-17,14.587018535185186
1414,2016-11-18,25.222388925925927
1415,2016-11-19,22.86594443888889
1416,2016-11-20,23.043462796296293
1417,2016-11-21,14.138740759259258
1418,2016-11-22,10.802185166666666
1419,2016-11-23,12.291574092592592
1420,2016-11-24,10.33807407962963
1421,2016-11-25,21.914055555555553
1422,2016-11-26,23.466499925925927
1423,2016-11-27,27.006148305555556
1424,2016-11-28,17.808999975925925
1425,2016-11-29,14.314351875925926
1426,2016-11-30,18.52261111111111
1427,2016-12-01,18.964277888888887
1428,2016-12-02,26.634055444444446
1429,2016-12-03,23.91635187037037
1430,2016-12-04,28.748148142592594
1431,2016-12-05,15.729037037037036
1432,2016-12-06,18.192314814814814
1433,2016-12-07,21.16407407962963
1434,2016-12-08,16.40716674074074
1435,2016-12-09,26.132851833333334
1436,2016-12-10,23.091240777777777
1437,2016-12-11,25.95777775925926
1438,2016-12-12,18.119555592592594
1439,2016-12-13,14.536203611111112
1440,2016-12-14,18.52981487962963
1441,2016-12-15,12.37481483888889
1442,2016-12-16,24.032685185185187
1443,2016-12-17,21.437092505555555
1444,2016-12-18,23.88281472222222
1445,2016-12-19,18.537018531481483
1446,2016-12-20,16.952981444444443
1447,2016-12-21,17.706296342592594
1448,2016-12-22,15.879240703703703
1449,2016-12-23,17.66316665
1450,2016-12-24,13.450166672222222
1451,2016-12-26,20.59616677777778
1452,2016-12-27,17.68335187037037
1453,2016-12-28,20.02574066851852
1454,2016-12-29,15.952407500000001
1455,2016-12-30,21.491314746296297
1456,2016-12-31,19.01275927777778
1457,2017-01-01,0.25925925925925924
1458,2017-01-02,33.581944444444446
1459,2017-01-03,27.13525926851852
1460,2017-01-04,22.034129629629632
1461,2017-01-05,20.61533339814815
1462,2017-01-06,29.848462962962962
1463,2017-01-07,27.406703944444445
1464,2017-01-08,30.512370722222222
1465,2017-01-09,20.745574064814814
1466,2017-01-10,18.254592572222222
1467,2017-01-11,20.642388888888892
1468,2017-01-12,14.293111111111111
1469,2017-01-13,27.763148374074074
1470,2017-01-14,26.84137037037037
1471,2017-01-15,29.58388874074074
1472,2017-01-16,20.397259333333334
1473,2017-01-17,18.34620375925926
1474,2017-01-18,20.11896307962963
1475,2017-01-19,14.146074116666668
1476,2017-01-20,25.899962861111113
1477,2017-01-21,26.443592574074074
1478,2017-01-22,29.25948148148148
1479,2017-01-23,20.695277796296295
1480,2017-01-24,17.374333333333336
1481,2017-01-25,17.332925957407408
1482,2017-01-26,14.66137043888889
1483,2017-01-27,26.405037277777776
1484,2017-01-28,25.972648185185182
1485,2017-01-29,28.946685203703705
1486,2017-01-30,18.029629685185185
1487,2017-01-31,19.447537037037037
1488,2017-02-01,23.680851907407405
1489,2017-02-02,18.89042583333333
1490,2017-02-03,29.58592596851852
1491,2017-02-04,27.640463055555553
1492,2017-02-05,28.55009272222222
1493,2017-02-06,20.537796240740743
1494,2017-02-07,19.348444333333333
1495,2017-02-08,18.510611185185184
1496,2017-02-09,15.37890737037037
1497,2017-02-10,28.497055472222222
1498,2017-02-11,26.54714814814815
1499,2017-02-12,28.69911107407407
1500,2017-02-13,20.24024071296296
1501,2017-02-14,16.476074074074074
1502,2017-02-15,18.178740796296296
1503,2017-02-16,15.89018527962963
1504,2017-02-17,29.796314814814814
1505,2017-02-18,31.099314814814814
1506,2017-02-19,21.733722175925923
1507,2017-02-20,18.41696292037037
1508,2017-02-21,17.842148157407408
1509,2017-02-22,17.020777716666665
1510,2017-02-23,15.694518444444444
1511,2017-02-24,27.177444444444443
1512,2017-02-25,24.34214810185185
1513,2017-02-26,19.54731485185185
1514,2017-02-27,20.961592648148148
1515,2017-02-28,26.786296305555556
1516,2017-03-01,28.388444444444445
1517,2017-03-02,21.31924061111111
1518,2017-03-03,31.81251864814815
1519,2017-03-04,30.465759281481482
1520,2017-03-05,30.250148074074076
1521,2017-03-06,14.644666749999999
1522,2017-03-07,13.917611111111112
1523,2017-03-08,19.445166587037036
1524,2017-03-09,18.34101853148148
1525,2017-03-10,32.48207403703704
1526,2017-03-11,29.059129546296298
1527,2017-03-12,34.11600005555555
1528,2017-03-13,20.974685222222224
1529,2017-03-14,20.78092579074074
1530,2017-03-15,24.371833370370368
1531,2017-03-16,21.172092685185184
1532,2017-03-17,34.3527037037037
1533,2017-03-18,29.579740703703706
1534,2017-03-19,33.18429622222222
1535,2017-03-20,24.550111092592594
1536,2017-03-21,20.94459261111111
1537,2017-03-22,22.686870296296295
1538,2017-03-23,18.95196298148148
1539,2017-03-24,30.41455564814815
1540,2017-03-25,26.108981481481482
1541,2017-03-26,31.634574055555554
1542,2017-03-27,22.794481481481483
1543,2017-03-28,18.842888962962963
1544,2017-03-29,24.414852055555553
1545,2017-03-30,15.968407407407406
1546,2017-03-31,31.010796518518518
1547,2017-04-01,37.55896294444444
1548,2017-04-02,25.194574055555556
1549,2017-04-03,15.675870370370369
1550,2017-04-04,15.985611105555556
1551,2017-04-05,19.719037092592593
1552,2017-04-06,20.1804445
1553,2017-04-07,31.34061103703704
1554,2017-04-08,26.863074037037038
1555,2017-04-09,29.802463000000003
1556,2017-04-10,19.306666555555555
1557,2017-04-11,19.360944444444446
1558,2017-04-12,24.110592611111112
1559,2017-04-13,24.79242585185185
1560,2017-04-14,30.801314777777776
1561,2017-04-15,22.590074074074074
1562,2017-04-16,25.569740759259258
1563,2017-04-17,18.498740768518516
1564,2017-04-18,16.16003703703704
1565,2017-04-19,17.77972219814815
1566,2017-04-20,15.29518517962963
1567,2017-04-21,25.830759314814813
1568,2017-04-22,23.477944407407406
1569,2017-04-23,27.580185175925926
1570,2017-04-24,16.01659261111111
1571,2017-04-25,14.884851833333332
1572,2017-04-26,17.097166657407406
1573,2017-04-27,12.877962953703705
1574,2017-04-28,26.594055546296296
1575,2017-04-29,25.378648129629628
1576,2017-04-30,24.451333305555554
1577,2017-05-01,33.00033340740741
1578,2017-05-02,21.626166574074073
1579,2017-05-03,22.308518425925925
1580,2017-05-04,17.968870407407408
1581,2017-05-05,27.77894440740741
1582,2017-05-06,27.31872225925926
1583,2017-05-07,32.36535164814815
1584,2017-05-08,19.19970387037037
1585,2017-05-09,18.003611055555556
1586,2017-05-10,21.714944444444445
1587,2017-05-11,18.528111111111112
1588,2017-05-12,29.91488888888889
1589,2017-05-13,29.384296314814815
1590,2017-05-14,20.554962962962964
1591,2017-05-15,21.787333166666667
1592,2017-05-16,22.362333320370368
1593,2017-05-17,22.13712962962963
1594,2017-05-18,17.215259296296296
1595,2017-05-19,31.162814809259256
1596,2017-05-20,28.848222314814816
1597,2017-05-21,32.672111111111114
1598,2017-05-22,18.735907425925927
1599,2017-05-23,19.561370333333336
1600,2017-05-24,19.491796342592593
1601,2017-05-25,17.82762962962963
1602,2017-05-26,33.09198149074074
1603,2017-05-27,25.673944537037034
1604,2017-05-28,27.141888944444442
1605,2017-05-29,19.401648185185188
1606,2017-05-30,19.189351861111113
1607,2017-05-31,18.594703648148148
1608,2017-06-01,18.623000074074074
1609,2017-06-02,25.182759259259257
1610,2017-06-03,22.798666685185186
1611,2017-06-04,28.08796298148148
1612,2017-06-05,19.547851851851853
1613,2017-06-06,16.35412961111111
1614,2017-06-07,16.549074024074073
1615,2017-06-08,13.25575925925926
1616,2017-06-09,21.99138883148148
1617,2017-06-10,18.352500074074072
1618,2017-06-11,23.600462907407408
1619,2017-06-12,13.57494442037037
1620,2017-06-13,13.544518425925926
1621,2017-06-14,15.797740635185185
1622,2017-06-15,12.545425925925926
1623,2017-06-16,24.363685203703703
1624,2017-06-17,24.145499953703705
1625,2017-06-18,20.209462962962963
1626,2017-06-19,17.333611166666667
1627,2017-06-20,17.354481453703702
1628,2017-06-21,16.4597778
1629,2017-06-22,14.669018492592592
1630,2017-06-23,24.028333405555554
1631,2017-06-24,24.54774074074074
1632,2017-06-25,27.63809266666667
1633,2017-06-26,18.105129583333333
1634,2017-06-27,16.814333314814817
1635,2017-06-28,17.03796297222222
1636,2017-06-29,12.916907407407408
1637,2017-06-30,25.417481438888885
1638,2017-07-01,30.1330185
1639,2017-07-02,33.46540736111111
1640,2017-07-03,22.352925944444447
1641,2017-07-04,18.186796253703704
1642,2017-07-05,19.95999996296296
1643,2017-07-06,15.858870327777778
1644,2017-07-07,26.76727775925926
1645,2017-07-08,24.090685194444447
1646,2017-07-09,28.148351851851853
1647,2017-07-10,20.138074083333336
1648,2017-07-11,16.31420372222222
1649,2017-07-12,16.852314864814815
1650,2017-07-13,14.133055546296296
1651,2017-07-14,21.64279633888889
1652,2017-07-15,20.682814703703706
1653,2017-07-16,26.182907407407406
1654,2017-07-17,18.38622212962963
1655,2017-07-18,16.449277814814813
1656,2017-07-19,16.453833314814815
1657,2017-07-20,15.4164815
1658,2017-07-21,23.696611144444446
1659,2017-07-22,22.909926
1660,2017-07-23,24.742907425925928
1661,2017-07-24,18.4319815
1662,2017-07-25,15.59427775925926
1663,2017-07-26,15.549166703703703
1664,2017-07-27,12.075370348148148
1665,2017-07-28,24.221222212962964
1666,2017-07-29,24.028037148148147
1667,2017-07-30,25.548463012962966
1668,2017-07-31,20.48833337962963
1669,2017-08-01,20.346851833333332
1670,2017-08-02,20.801037055555554
1671,2017-08-03,17.116296388888887
1672,2017-08-04,25.553963092592593
1673,2017-08-05,24.20951851851852
1674,2017-08-06,23.512851722222223
1675,2017-08-07,18.41985190740741
1676,2017-08-08,18.48112963888889
1677,2017-08-09,18.181425944444445
1678,2017-08-10,13.284463012962963
1679,2017-08-11,23.566962907407405
1680,2017-08-12,19.03759271296296
1681,2017-08-13,20.704574074074074
1682,2017-08-14,17.975555533333335
1683,2017-08-15,17.966240833333334
